{"count":1,"self":12.6113632,"total":108.27554649999999,"children":{"InitializeActuators":{"count":25,"self":0.0030012999999999997,"total":0.0030012999999999997,"children":null},"InitializeSensors":{"count":25,"self":0.0040009,"total":0.0040009,"children":null},"AgentSendState":{"count":27984,"self":0.319482,"total":2.1281288,"children":{"CollectObservations":{"count":139925,"self":0.44199059999999996,"total":0.44199059999999996,"children":null},"WriteActionMask":{"count":139925,"self":0.041987199999999995,"total":0.041987199999999995,"children":null},"RequestDecision":{"count":139925,"self":0.24922599999999998,"total":1.3246689999999999,"children":{"AgentInfo.ToProto":{"count":139925,"self":0.22880499999999998,"total":1.075443,"children":{"GenerateSensorData":{"count":139925,"self":0.846638,"total":0.846638,"children":null}}}}}}},"DecideAction":{"count":27984,"self":92.7457216,"total":92.7457239,"children":null},"AgentAct":{"count":27984,"self":0.77533009999999991,"total":0.7823283,"children":{"AgentInfo.ToProto":{"count":675,"self":0.0029984,"total":0.0069981999999999996,"children":{"GenerateSensorData":{"count":675,"self":0.0039997999999999995,"total":0.0039997999999999995,"children":null}}}}}},"gauges":{"Pong.CumulativeReward":{"count":675,"max":4,"min":-7,"runningAverage":-1.53481531,"value":-2,"weightedAverage":-2.952652}},"metadata":{"timer_format_version":"0.1.0","start_time_seconds":"1675655965","unity_version":"2021.3.16f1","command_line_arguments":"C:\\Program Files\\Unity\\Hub\\Editor\\2021.3.16f1\\Editor\\Unity.exe -projectpath C:\\Users\\Luvxy\\My project (1)\\Pong_Agents -useHub -hubIPC -cloudEnvironment production","communication_protocol_version":"1.5.0","com.unity.ml-agents_version":"2.3.0-exp.4","scene_name":"SampleScene","end_time_seconds":"1675656073"}}